--

--INSERT INTO MOVIE_DB.VIDEOS (TITLE, DURATION, PUBLISHED_STATUS) VALUES ('O Senhor dos Anéis: A Sociedade do Anel', 178, TRUE);
--INSERT INTO MOVIE_DB.VIDEOS (TITLE, DURATION, PUBLISHED_STATUS) VALUES ('O Senhor dos Anéis: As Duas Torres', 179, TRUE);
--INSERT INTO MOVIE_DB.VIDEOS (TITLE, DURATION, PUBLISHED_STATUS) VALUES ('O Senhor dos Anéis: O Retorno do Rei', 223, TRUE);
--INSERT INTO MOVIE_DB.VIDEOS (TITLE, DURATION, PUBLISHED_STATUS) VALUES ('Titanic', 194, TRUE);
--INSERT INTO MOVIE_DB.VIDEOS (TITLE, DURATION, PUBLISHED_STATUS) VALUES ('John Wick 4', 90, FALSE);

--INSERT INTO MOVIE_DB.SYNOPSIS (DESCRIPTION) VALUES ('O Senhor dos Anéis: A Sociedade do Anel');
--INSERT INTO MOVIE_DB.SYNOPSIS (DESCRIPTION) VALUES ('O Senhor dos Anéis: As Duas Torres');
--INSERT INTO MOVIE_DB.SYNOPSIS (DESCRIPTION) VALUES ('O Senhor dos Anéis: O Retorno do Rei');
--INSERT INTO MOVIE_DB.SYNOPSIS (DESCRIPTION) VALUES ('Titanic');
--INSERT INTO MOVIE_DB.SYNOPSIS (DESCRIPTION) VALUES ('John Wick 4');

--INSERT INTO MOVIE_DB.GENRES (NAME, DESCRIPTION) VALUES ('GENERAL', 'GENERAL');

--INSERT INTO MOVIE_DB.MOVIES (VIDEO_ID, SYNOPSIS_ID, GENRE_ID, TITLE) VALUES (1, 1, 1, 'O Senhor dos Anéis: A Sociedade do Anel');
--INSERT INTO MOVIE_DB.MOVIES (VIDEO_ID, SYNOPSIS_ID, GENRE_ID, TITLE) VALUES (2, 2, 1, 'O Senhor dos Anéis: As Duas Torres');
--INSERT INTO MOVIE_DB.MOVIES (VIDEO_ID, SYNOPSIS_ID, GENRE_ID, TITLE) VALUES (3, 3, 1, 'O Senhor dos Anéis: O Retorno do Rei');
--INSERT INTO MOVIE_DB.MOVIES (VIDEO_ID, SYNOPSIS_ID, GENRE_ID, TITLE) VALUES (4, 4, 1, 'Titanic');
--INSERT INTO MOVIE_DB.MOVIES (VIDEO_ID, SYNOPSIS_ID, GENRE_ID, TITLE) VALUES (5, 5, 1, 'John Wick 4');

--SELECT * FROM MOVIE_DB.MOVIES

--SELECT * FROM MOVIE_DB.VIDEOS

SELECT V.TITLE AS "FILME", V.DURATION || ' minutos' AS "DURAÇÃO"
FROM MOVIE_DB.VIDEOS V
INNER JOIN MOVIE_DB.MOVIES M ON V.VIDEO_ID = M.MOVIE_ID
WHERE PUBLISHED_STATUS = TRUE
ORDER BY DURATION DESC
LIMIT 3